{"cameraMode":{"drawMode":0,"name":"Shaded","section":"Shading Mode"},"sceneLighting":true,"audioPlay":false,"sceneViewState":{"m_AlwaysRefresh":false,"showFog":true,"showSkybox":true,"showFlares":true,"showImageEffects":true,"showParticleSystems":true,"showVisualEffectGraphs":true,"m_FxEnabled":true},"in2DMode":false,"pivot":{"x":0.9494283199310303,"y":0.1026141494512558,"z":0.563372790813446},"rotation":{"x":-0.018700048327445985,"y":-0.7024744153022766,"z":0.019935622811317445,"w":-0.711440920829773},"size":3.6278693675994875,"orthographic":true}