{"cameraMode":{"drawMode":0,"name":"Shaded","section":"Shading Mode"},"sceneLighting":true,"audioPlay":false,"sceneViewState":{"m_AlwaysRefresh":false,"showFog":true,"showSkybox":true,"showFlares":true,"showImageEffects":true,"showParticleSystems":true,"showVisualEffectGraphs":true,"m_FxEnabled":true},"in2DMode":false,"pivot":{"x":80.1019515991211,"y":214.5465850830078,"z":63.82278823852539},"rotation":{"x":0.13993771374225617,"y":0.01604999601840973,"z":-0.002165764570236206,"w":0.9900601506233215},"size":264.76007080078127,"orthographic":true}