{"cameraMode":{"drawMode":0,"name":"Shaded","section":"Shading Mode"},"sceneLighting":true,"audioPlay":false,"sceneViewState":{"m_AlwaysRefresh":false,"showFog":true,"showSkybox":true,"showFlares":true,"showImageEffects":true,"showParticleSystems":true,"showVisualEffectGraphs":true,"m_FxEnabled":true},"in2DMode":false,"pivot":{"x":1.980046033859253,"y":-1.187917709350586,"z":0.3339040279388428},"rotation":{"x":0.20464684069156648,"y":0.41177019476890566,"z":-0.09606431424617768,"w":0.8829551339149475},"size":3.545478105545044,"orthographic":true}