{"cameraMode":{"drawMode":0,"name":"Shaded","section":"Shading Mode"},"sceneLighting":true,"audioPlay":false,"sceneViewState":{"m_AlwaysRefresh":false,"showFog":true,"showSkybox":true,"showFlares":true,"showImageEffects":true,"showParticleSystems":true,"showVisualEffectGraphs":true,"m_FxEnabled":true},"in2DMode":false,"pivot":{"x":0.18188953399658204,"y":-3.3587586879730226,"z":-1.945446491241455},"rotation":{"x":0.13919249176979066,"y":-0.7494606971740723,"z":0.16680732369422913,"w":0.6253884434700012},"size":11.793299674987793,"orthographic":false}